{"cameraMode":{"drawMode":0,"name":"Shaded","section":"Shading Mode"},"sceneLighting":true,"audioPlay":false,"sceneViewState":{"showFog":true,"showMaterialUpdate":false,"showSkybox":true,"showFlares":true,"showImageEffects":true,"showParticleSystems":true},"in2DMode":false,"pivot":{"x":-2.6023733615875246,"y":2.1025099754333498,"z":-0.5706889033317566},"rotation":{"x":-0.6505535244941711,"y":0.0015935562551021577,"z":-0.0013650566106662155,"w":-0.7594575881958008},"size":0.8051568865776062,"orthographic":false}