{"cameraMode":{"drawMode":0,"name":"Shaded","section":"Shading Mode"},"sceneLighting":true,"audioPlay":false,"sceneViewState":{"showFog":true,"showMaterialUpdate":false,"showSkybox":true,"showFlares":true,"showImageEffects":true,"showParticleSystems":true},"in2DMode":false,"pivot":{"x":-0.12121325731277466,"y":-1.5609370470046998,"z":0.33208465576171877},"rotation":{"x":-0.5646358132362366,"y":0.025244422256946565,"z":-0.01728217490017414,"w":-0.8247730135917664},"size":2.8083462715148927,"orthographic":false}